file_bytes,time_s,throughput_MBps
1048576,0.201000,4.975
5242880,0.224000,22.321
10485760,0.247000,40.486
26214400,0.366000,68.306
52428800,0.544000,91.912
104857600,0.937000,106.724
